Country,Latitude,Longitude,Urban Population,Total Population,Mortality Rate,Mean temperature,Climate,Spread rate
Afghanistan,33.0,65.0,10142913.0,38972230.0,3.69,10.6,Dsb,0.3033573094998078
Albania,41.0,20.0,1762645.0,2837849.0,2.89,9.4,Csa,0.12307524880797309
Algeria,28.0,3.0,32038217.0,43451666.0,3.37,22.5,BWh,0.11645906037268183
Andorra,42.5,1.6,68311.0,77700.0,3.02,7.6,Cfb,0.3356500923814924
Angola,-12.5,18.5,22338586.0,33428486.0,3.64,21.55,Cwa,0.20803786849050407
Antigua and Barbuda,17.05,-61.8,22641.0,92664.0,3.09,25.85,Af,0.044545690228745397
Argentina,-34.0,-64.0,41796990.0,45376763.0,2.16,11.8,Cfa,0.18517178230723605
Armenia,40.0,45.0,1776315.0,2805608.0,1.97,7.15,Dfb,0.2234786510267466
Australia,-27.0,133.0,22120168.0,25649248.0,3.19,21.65,BWh,0.3135704635501067
Austria,47.3333,13.3333,5238479.0,8916864.0,1.94,6.35,Dfc,0.21607588163421435
Azerbaijan,40.5,47.5,5692217.0,10093121.0,1.47,9.95,Cfa,0.20348955203382427
Bahrain,26.0,50.55,1322423.0,1477469.0,0.34,26.8,BWh,0.10598925950452992
Bangladesh,24.0,90.0,63916296.0,167420951.0,1.43,25.0,Aw,0.19835445051849124
Barbados,13.1667,-59.5333,87551.0,280693.0,3.7,26.0,Am,0.43065396954762697
Belarus,53.0,28.0,7455467.0,9379952.0,1.04,6.15,Dfb,0.1898276770162791
Belgium,50.8333,4.0,11316947.0,11538604.0,9.32,9.55,Cfb,0.3526617961677247
Belize,17.25,-88.75,181762.0,394921.0,1.29,25.35,Am,0.2804012573573223
Benin,9.5,2.25,6121168.0,12643123.0,1.72,27.55,Aw,0.5051242086957894
Bhutan,27.5,90.5,326894.0,772506.0,0.0,7.4,Cwb,0.09704671829652611
Bolivia,-17.0,-65.0,8369995.0,11936162.0,5.86,21.55,Cfb,0.16493765698301577
Bosnia and Herzegovina,44.0,18.0,1626683.0,3318407.0,3.03,9.85,Cfb,0.11552278051942709
Botswana,-22.0,24.0,1804813.0,2546402.0,0.51,21.5,BSh,0.168925196199687
Brazil,-10.0,-55.0,185636418.0,213196304.0,3.01,24.95,Aw,0.12308805360355035
Bulgaria,43.0,25.0,5248079.0,6934015.0,4.04,10.55,Cfa,0.13024260924876355
Burkina Faso,13.0,-2.0,6587430.0,21522626.0,2.9,28.29,BSh,0.17814186920975553
Burundi,-3.5,30.0,1675149.0,12220227.0,0.21,19.8,Cwb,0.23707256180263653
Cambodia,13.0,105.0,3973287.0,16396860.0,0.0,26.8,Aw,0.43041834713118216
Cameroon,6.0,12.0,15248270.0,26491087.0,2.01,24.6,Aw,0.23409981525022783
Canada,60.0,-95.0,30999405.0,38007166.0,6.2,-5.1,Dfc,0.22303007544745582
Cabo Verde,16.0,-24.0,388341.0,582640.0,0.0,23.3,BWh,0.14114638510132474
Central African Republic,7.0,21.0,2254648.0,5343020.0,1.29,24.9,Aw,0.2983228545929141
Chad,15.0,19.0,3914834.0,16644701.0,7.04,26.55,BWh,0.4725291721253791
Chile,-30.0,-71.0,16931587.0,19300315.0,2.74,8.45,BWk,0.30960003182421003
China,35.0,105.0,866810508.0,1411100000.0,5.43,7.5,Dwb,0.5727949321271598
Colombia,4.0,-72.0,41470292.0,50930662.0,3.16,24.5,Am,0.18892521223830688
Comoros,-12.1667,44.25,236852.0,806166.0,1.49,25.3,Af,0.35262936960504837
Costa Rica,10.0,-84.0,4137983.0,5123105.0,1.15,24.8,Am,0.19857104874297682
Croatia,45.1667,15.5,2329561.0,4047680.0,1.68,10.9,Cfb,0.1785936461641039
Cuba,21.5,-80.0,8723461.0,11300698.0,2.24,25.2,Aw,0.048089447047092594
Cyprus,35.0,33.0,826935.0,1237537.0,1.33,18.45,Csa,0.4569058386964186
Denmark,56.0,10.0,5138400.0,5831404.0,2.59,6.95,Cfb,0.04095142375130758
Djibouti,11.5,43.0,850998.0,1090156.0,1.13,28.0,BWh,0.19236179403229747
Dominica,15.4167,-61.3333,51181.0,71995.0,0.0,22.35,Af,0.31540659332493653
Dominican Republic,19.0,-70.6667,9079123.0,10999664.0,1.89,24.55,Af,0.13858505555897516
Ecuador,-2.0,-77.5,11285898.0,17588595.0,8.6,21.85,Af,0.47638946160056694
El Salvador,13.8333,-88.9167,4621633.0,6292731.0,2.93,24.45,Aw,0.17286684935465849
Equatorial Guinea,2.0,10.0,1166712.0,1596049.0,1.65,24.55,Af,0.0
Eritrea,15.0,39.0,1470245.0,3555868.0,0.0,25.5,BSh,0.3062832793326867
Estonia,59.0,26.0,920415.0,1329522.0,2.11,2.0,Dfb,0.3339340029796626
Ethiopia,8.0,38.0,25424568.0,117190911.0,1.61,22.2,Cwb,0.20785663246375258
Fiji,-18.0,175.0,526914.0,920422.0,6.25,24.4,Af,0.3349143031526658
Finland,64.0,26.0,4728699.0,5529543.0,3.69,1.55,Dfc,0.2488756232394579
France,46.0,2.0,54715704.0,67571107.0,6.18,10.7,Cfb,0.3056586969896995
Gabon,-1.0,11.75,2065425.0,2292573.0,0.62,25.05,Aw,0.24684834044540205
Georgia,42.0,43.5,2213266.0,3722716.0,0.6,5.65,Cfb,0.3718130100032609
Germany,51.0,9.0,64410589.0,83160871.0,3.38,8.4,Cfb,0.408624534338388
Ghana,8.0,-2.0,18455138.0,32180401.0,0.65,27.2,Aw,0.13880916998039058
Greece,39.0,22.0,8528388.0,10698599.0,2.19,13.03,Csa,0.24804942487023257
Grenada,12.1167,-61.6667,45183.0,123663.0,0.0,26.0,Aw,0.24900272833217538
Guatemala,15.5,-90.25,8738685.0,16858333.0,3.61,23.45,Cwb,0.1715386440415742
Guinea-Bissau,12.0,-15.0,890915.0,2015828.0,1.68,26.75,Aw,0.3487048410349746
Guinea,11.0,-10.0,4869400.0,13205153.0,0.62,25.7,Aw,0.2256961686946847
Guyana,5.0,-59.0,213539.0,797202.0,2.72,26.0,Af,0.26963998335284617
Haiti,19.0,-72.4167,6454827.0,11306801.0,2.6,24.9,Aw,0.39264520717052603
Honduras,15.0,-86.5,5906960.0,10121763.0,3.06,23.5,Am,0.1954842953538993
Hungary,47.0,20.0,7014452.0,9750149.0,3.43,9.75,Cfb,0.7669437081242215
Iceland,65.0,-18.0,344101.0,366463.0,0.4,-0.7,ET,0.5378270743946186
India,20.0,77.0,487702168.0,1396387127.0,1.59,23.65,As,0.1838142265489085
Indonesia,-5.0,120.0,153983073.0,271857970.0,3.88,25.85,Am,0.12950065948943396
Iraq,33.0,44.0,30169923.0,42556984.0,2.63,21.4,BWh,0.1454240917246516
Ireland,53.0,-8.0,3173345.0,4985382.0,5.33,9.3,Cfb,0.3963678689598301
Israel,31.5,34.75,8531985.0,9215100.0,0.65,19.2,BSh,0.1806201090835573
Italy,42.8333,12.8333,42224765.0,59438851.0,11.82,11.45,Cfb,0.3428568350930263
Jamaica,18.25,-77.5,1588216.0,2820436.0,1.41,24.95,Aw,0.4846331927418503
Japan,36.0,138.0,115884871.0,126261000.0,1.91,9.15,Dfb,0.3185789155653061
Jordan,31.0,36.0,9990818.0,10928721.0,0.58,18.3,BSk,0.5619304413103903
Kazakhstan,48.0,68.0,10816580.0,18755666.0,1.58,5.5,BSk,0.31021449550065183
Kenya,1.0,38.0,14553419.0,51985780.0,1.78,24.75,As,0.2163121786286959
Kuwait,29.3375,47.6581,4360444.0,4360444.0,0.58,27.15,BWh,0.3270557370552688
Latvia,57.0,25.0,1298292.0,1900449.0,2.29,5.6,Dfb,0.4049569659530084
Lebanon,33.8333,35.8333,5035754.0,5662923.0,1.03,12.0,Csa,0.2892798727689873
Lesotho,-29.5,28.5,654320.0,2254100.0,2.32,9.85,Cwb,0.30424167623901477
Liberia,6.5,-9.5,2650072.0,5087584.0,6.13,25.3,Am,0.15394308710663748
Libya,25.0,17.0,5369132.0,6653942.0,1.56,21.8,BWh,0.3037624628903328
Liechtenstein,47.1667,9.5333,5587.0,38756.0,0.86,5.8,Cfb,0.3786440548972809
Lithuania,56.0,24.0,1901807.0,2794885.0,2.21,6.2,Dfb,0.04288538819658915
Luxembourg,49.75,6.1667,576537.0,630419.0,1.53,8.65,Cfb,0.4192620515808687
Madagascar,-20.0,47.0,10876290.0,28225177.0,1.4,22.65,Cwb,0.2688991478965539
Malawi,-13.5,34.0,3376840.0,19377061.0,3.12,21.9,Cwa,0.23236642313072958
Malaysia,2.5,112.5,25617115.0,33199993.0,1.27,25.4,Af,0.31497555691206996
Maldives,3.25,73.0,209217.0,514438.0,0.34,28.0,Am,0.09587781896495311
Mali,17.0,-4.0,9319264.0,21224040.0,4.28,28.25,BWh,0.19908959881134727
Malta,35.8333,14.5833,488246.0,515332.0,0.88,19.2,Csa,0.22822969843983767
Mauritania,20.0,-12.0,2488943.0,4498604.0,2.17,27.65,BWh,0.37120250217407547
Mauritius,-20.2833,57.55,516027.0,1266014.0,2.72,22.4,Am,0.39716235100659136
Mexico,23.0,-102.0,101719689.0,125998302.0,10.56,21.0,BSk,0.11731382670412055
Monaco,43.7333,7.4,36922.0,36922.0,0.5,16.4,Csb,0.7153365402733799
Mongolia,46.0,105.0,2261792.0,3294335.0,0.0,1.7,BSk,0.17265489670986614
Montenegro,42.0,19.0,419307.0,621306.0,1.6,10.55,Cfb,0.1500922411907864
Morocco,32.0,-5.0,23309111.0,36688772.0,1.78,17.1,BSk,0.22862220353134646
Mozambique,-18.25,35.0,11559020.0,31178239.0,0.67,23.8,Aw,0.1680813429440428
Namibia,-22.0,17.0,1295152.0,2489098.0,1.1,19.95,BWh,0.22770120450163298
Nepal,28.0,84.0,6038773.0,29348627.0,0.64,8.1,Cwb,0.12223523001930078
Netherlands,52.5,5.75,16087342.0,17441500.0,6.02,9.25,Cfb,0.30570781238533684
New Zealand,-41.0,174.0,4413152.0,5090200.0,1.37,10.74,Cfb,0.42296740829405916
Nicaragua,13.0,-85.0,3986789.0,6755895.0,2.94,24.9,Am,0.7534942882199802
Niger,16.0,8.0,4045711.0,24333639.0,5.78,27.15,BWh,0.4640595575696373
Nigeria,10.0,8.0,108242753.0,208327405.0,1.91,27.0,Aw,0.14878130046380614
Norway,62.0,10.0,4463566.0,5379475.0,2.01,1.5,ET,0.3524509120568762
Oman,21.0,57.0,3919863.0,4543399.0,0.92,25.6,BWh,0.24239919233924934
Pakistan,30.0,70.0,84437669.0,227196741.0,2.09,20.2,BSh,0.25096189073880953
Panama,9.0,-80.0,2937968.0,4294396.0,2.12,25.4,Am,0.1301307544252758
Papua New Guinea,-6.0,147.0,1301089.0,9749640.0,1.33,25.25,Af,0.46065131816706756
Paraguay,-23.0,-58.0,4115703.0,6618695.0,2.04,23.55,Aw,0.2559134579651922
Peru,-10.0,-76.0,26076625.0,33304756.0,4.07,19.6,Cfb,0.09765798501490223
Philippines,13.0,122.0,53187498.0,112190977.0,1.73,25.55,Am,0.17252290825647038
Poland,52.0,20.0,22755739.0,37899070.0,2.87,7.85,Cfb,0.07360553915549675
Portugal,39.5,-8.0,6827994.0,10297081.0,2.74,12.15,Csb,0.3532360466321957
Qatar,25.5,51.25,2739268.0,2760385.0,0.17,27.15,BWh,0.23443403406426902
Romania,46.0,25.0,10440610.0,19265250.0,3.91,8.8,Dfb,0.0905252544228722
Russia,60.0,100.0,107700434.0,144073139.0,1.76,-5.35,Dfc,0.18128540105927482
Rwanda,-2.0,30.0,2291674.0,13146362.0,0.56,17.85,Aw,0.16867854246980094
Saint Kitts and Nevis,17.3333,-62.75,14694.0,47642.0,0.0,24.5,Aw,1.0
Saint Lucia,13.8833,-61.1333,33770.0,179237.0,0.0,25.5,Af,0.6724493958797381
Saint Vincent and the Grenadines,13.25,-61.2,55488.0,104632.0,0.0,26.8,Af,0.5108202055173958
San Marino,43.7667,12.4167,33156.0,34007.0,5.81,10.9,Cfb,0.22474483456533573
Sao Tome and Principe,1.0,7.0,162568.0,218641.0,0.0,23.75,Af,0.24348494355716124
Saudi Arabia,25.0,45.0,30340882.0,35997107.0,1.38,24.65,BWh,0.16578283650350645
Senegal,14.0,-14.0,7909390.0,16436120.0,2.05,27.85,BSh,0.11648237006884858
Serbia,44.0,21.0,3894281.0,6899126.0,2.25,10.55,Cfb,0.06868724097108
Seychelles,-4.5833,55.6667,56661.0,98462.0,0.0,27.15,Af,0.12567697278940884
Sierra Leone,8.5,-11.5,3534267.0,8233970.0,3.3,26.05,Am,0.22043594080966833
Singapore,1.3667,103.8,5685807.0,5685807.0,0.05,27.5,Af,0.38335835521101447
Slovenia,46.0,15.0,1158811.0,2102419.0,3.05,8.9,Cfb,0.18861795596322015
Somalia,10.0,49.0,7630345.0,16537016.0,2.83,27.05,BWh,0.1894549976538264
South Africa,-29.0,24.0,39605450.0,58801927.0,2.44,17.75,BSh,0.2646277862411041
Spain,40.0,-4.0,38276186.0,47365655.0,4.47,11.3,Csa,0.2992311866387754
Sri Lanka,7.0,81.0,4101702.0,21919000.0,0.39,26.95,Af,0.22450691175212475
Sudan,15.0,30.0,15666605.0,44440486.0,6.16,26.9,BWh,0.23838163475662466
Suriname,4.0,-56.0,401567.0,607065.0,2.11,25.7,Af,0.2056497965373335
Sweden,62.0,15.0,9108648.0,10353442.0,6.55,1.75,Dfc,0.13735517409573228
Switzerland,47.0,8.0,6384901.0,8638167.0,4.03,5.1,Cfb,0.471361817701439
Tajikistan,39.0,71.0,2624955.0,9543207.0,0.78,6.4,Dsb,0.4428932645862987
Thailand,15.0,100.0,36759934.0,71475664.0,1.68,26.3,Aw,0.4133882797258335
Timor-Leste,-8.55,125.5167,407158.0,1299995.0,0.0,25.25,Aw,0.116231515839522
Togo,8.0,1.1667,3613424.0,8442580.0,2.41,27.15,Aw,0.11671174807474508
Trinidad and Tobago,11.0,-61.0,807867.0,1518147.0,1.62,25.75,Am,0.38283264264539557
Tunisia,34.0,9.0,8460667.0,12161723.0,1.39,19.2,BWh,0.47074432092075347
Uganda,1.0,32.0,11080727.0,44404611.0,1.0,22.8,Am,0.47573247164861787
Ukraine,49.0,32.0,30719437.0,44132049.0,2.0,8.3,Dfb,0.11290186443924903
United Arab Emirates,24.0,54.0,8084399.0,9287289.0,0.46,26.65,BWh,0.210498513180237
United Kingdom,54.0,-2.0,56283168.0,67081234.0,3.09,8.45,Cfb,0.24482491300069423
United States,38.0,-97.0,274040676.0,331511512.0,2.91,8.55,Cfa,0.08546548748950894
Uruguay,-33.0,-56.0,3275291.0,3429086.0,2.42,17.55,Cfa,0.3521675809915435
Uzbekistan,41.0,64.0,17258430.0,34232050.0,0.83,10.05,BWk,0.164915224610292
Venezuela,8.0,-66.0,25151087.0,28490453.0,0.83,25.35,Aw,0.20071418105280692
Vietnam,16.0,106.0,36088619.0,96648685.0,3.27,24.45,Aw,0.6291520885503722
Zambia,-15.0,30.0,8447250.0,18927715.0,2.3,21.4,Cwa,0.29053257220496725
Zimbabwe,-20.0,30.0,5052214.0,15669666.0,2.94,21.0,BSh,0.29089678681662406
